Date,CalDay,SiAM,SiPM,SiTotal,PrevSi1,PrevSi3,PrevSi5,PrevSi7,WaterTempF,WaterTempC,AvgPrevTemp1,AvgPrevTemp3,AvgPrevTemp5,AvgPrevTemp7,WindDir,WindDirGroup1,WindDirGroup2,WindVel,SwimAM,SwimPM,SwimTotal,NWSprecip1,NWSprecip2
6/23/2013,173_2013,6,6,12,,,,,58,14.44444444,,,,,NE,NNE,ENE,8,16,6,22,1,0
6/24/2013,174_2013,0,0,0,12,,,,59,15,14.44444444,,,,N,NNE,NNW,5,19,12,31,0,0
6/25/2013,175_2013,0,0,0,0,,,,58,14.44444444,15,,,,S,SSW,SSE,3.5,26,10,36,0,0
6/26/2013,176_2013,8,14,22,0,4,,,61,16.11111111,14.44444444,14.62962963,,,NE,NNE,ENE,7,10,9,19,0,0
6/27/2013,177_2013,0,0,0,22,7.333333333,,,63,17.22222222,16.11111111,15.18518519,,,E,ESE,ENE,5.8,12,20,32,0,0
6/28/2013,178_2013,0,0,0,0,7.333333333,6.8,,59,15,17.22222222,15.92592593,15.44444444,,E,ESE,ENE,2.5,34,20,54,1,0
6/29/2013,179_2013,4,8,12,0,7.333333333,4.4,,72,22.22222222,15,16.11111111,15.55555556,,NE,NNE,ENE,9.2,42,28,70,1,0.25
6/30/2013,180_2013,0,0,0,12,4,6.8,6.571428571,69,20.55555556,22.22222222,18.14814815,17,16.34920635,E,ESE,ENE,2.4,28,40,68,0,0
7/1/2013,181_2013,14,13,27,0,4,6.8,4.857142857,70,21.11111111,20.55555556,19.25925926,18.22222222,17.22222222,E,ESE,ENE,2.4,44,50,94,0,0
7/2/2013,182_2013,0,0,0,27,13,7.8,8.714285714,70,21.11111111,21.11111111,21.2962963,19.22222222,18.0952381,E,ESE,ENE,2.4,12,44,56,0,0
7/3/2013,183_2013,0,0,0,0,9,7.8,8.714285714,66,18.88888889,21.11111111,20.92592593,20,19.04761905,E,ESE,ENE,2.6,24,54,78,1,0.05
7/4/2013,184_2013,0,0,0,0,9,7.8,5.571428571,70,21.11111111,18.88888889,20.37037037,20.77777778,19.44444444,E,ESE,ENE,3.2,15,36,51,1,0
7/5/2013,185_2013,0,0,0,0,0,5.4,5.571428571,70,21.11111111,21.11111111,20.37037037,20.55555556,20,,,,1.3,16,50,66,0,0
7/6/2013,186_2013,0,0,0,0,0,5.4,5.571428571,69,20.55555556,21.11111111,20.37037037,20.66666667,20.87301587,SE,ESE,SSE,5.3,18,46,64,0,0
7/7/2013,187_2013,0,0,0,0,0,0,3.857142857,71,21.66666667,20.55555556,20.92592593,20.55555556,20.63492063,NW,WNW,NNW,10.8,15,38,53,0,0
7/8/2013,188_2013,0,0,0,0,0,0,3.857142857,70,21.11111111,21.66666667,21.11111111,20.66666667,20.79365079,SE,ESE,SSE,2.1,12,38,50,1,1.4
7/9/2013,189_2013,0,0,0,0,0,0,0,72,22.22222222,21.11111111,21.11111111,21.11111111,20.79365079,NW,WNW,NNW,3.2,14,140,154,1,0.02
7/10/2013,190_2013,0,0,0,0,0,0,0,75,23.88888889,22.22222222,21.66666667,21.33333333,20.95238095,N,NNE,NNW,3.5,6,66,72,1,0.12
7/11/2013,191_2013,8,0,8,0,0,0,0,75,23.88888889,23.88888889,22.40740741,21.88888889,21.66666667,NW,WNW,NNW,1.2,34,68,102,0,0
7/12/2013,192_2013,1,0,1,8,2.666666667,1.6,1.142857143,,,23.88888889,23.33333333,22.55555556,22.06349206,SE,ESE,SSE,2,36,72,108,0,0
7/13/2013,193_2013,0,0,0,1,3,1.8,1.285714286,74,23.33333333,,,,,E,ESE,ENE,2.3,35,76,111,0,0
7/14/2013,194_2013,0,0,0,0,3,1.8,1.285714286,74,23.33333333,23.33333333,,,,SE,ESE,SSE,2.2,37,86,123,0,0
7/15/2013,195_2013,0,0,0,0,0.333333333,1.8,1.285714286,72,22.22222222,23.33333333,,,,SE,ESE,SSE,6.1,36,67,103,0,0
7/16/2013,196_2013,1,3,4,0,0,1.8,1.285714286,76,24.44444444,22.22222222,22.96296296,,,NW,WNW,NNW,14,12,15,27,0,0
7/17/2013,197_2013,0,6,6,4,1.333333333,1,1.857142857,73,22.77777778,24.44444444,23.33333333,,,NW,WNW,NNW,3.8,10,23,33,0,0
7/18/2013,198_2013,1,0,1,6,3.333333333,2,2.714285714,73,22.77777778,22.77777778,23.14814815,23.22222222,,NE,NNE,ENE,2.3,7,57,64,0,0
7/19/2013,199_2013,0,0,0,1,3.666666667,2.2,1.714285714,73,22.77777778,22.77777778,23.33333333,23.11111111,,NW,WNW,NNW,10.9,5,23,28,1,0
7/20/2013,200_2013,4,5,9,0,2.333333333,2.2,1.571428571,68,20,22.77777778,22.77777778,23,23.0952381,NE,NNE,ENE,4.3,18,44,62,0,0
7/21/2013,201_2013,0,0,0,9,3.333333333,4,2.857142857,70,21.11111111,20,21.85185185,22.55555556,22.61904762,E,ESE,ENE,11.2,26,54,80,0,0
7/22/2013,202_2013,0,0,0,0,3,3.2,2.857142857,70,21.11111111,21.11111111,21.2962963,21.88888889,22.3015873,SE,ESE,SSE,11.7,31,34,65,0,0
7/23/2013,203_2013,0,0,0,0,3,2,2.857142857,69,20.55555556,21.11111111,20.74074074,21.55555556,22.14285714,N,NNE,NNW,3.5,0,6,6,0,0
7/24/2013,204_2013,0,0,0,0,0,1.8,2.285714286,66,18.88888889,20.55555556,20.92592593,21.11111111,21.58730159,W,WNW,WSW,4.1,6,24,30,0,0
7/25/2013,205_2013,0,0,0,0,0,1.8,1.428571429,67,19.44444444,18.88888889,20.18518519,20.33333333,21.03174603,NE,NNE,ENE,2.3,8,23,31,0,0
7/26/2013,206_2013,2,0,2,0,0,0,1.285714286,68,20,19.44444444,19.62962963,20.22222222,20.55555556,N,NNE,NNW,1.8,26,38,64,1,0.12
7/27/2013,207_2013,2,0,2,2,0.666666667,0.4,1.571428571,68,20,20,19.44444444,20,20.15873016,NE,NNE,ENE,4.4,18,41,59,1,1.39
7/28/2013,208_2013,0,0,0,2,1.333333333,0.8,0.571428571,68,20,20,19.81481481,19.77777778,20.15873016,W,WNW,WSW,4.3,24,6,30,1,0.16
7/29/2013,209_2013,0,0,0,0,1.333333333,0.8,0.571428571,70,21.11111111,20,20,19.66666667,20,S,SSW,SSE,3,21,41,62,1,0.33
7/30/2013,210_2013,0,4,4,0,0.666666667,0.8,0.571428571,71,21.66666667,21.11111111,20.37037037,20.11111111,20,NW,WNW,NNW,5.1,27,122,149,0,0
7/31/2013,211_2013,0,0,0,4,1.333333333,1.6,1.142857143,72,22.22222222,21.66666667,20.92592593,20.55555556,20.15873016,N,NNE,NNW,5.8,9,44,53,0,0
8/1/2013,212_2013,0,1,1,0,1.333333333,1.2,1.142857143,71,21.66666667,22.22222222,21.66666667,21,20.63492063,SE,ESE,SSE,3.5,18,12,30,0,0
8/2/2013,213_2013,0,0,0,1,1.666666667,1,1.285714286,68,20,21.66666667,21.85185185,21.33333333,20.95238095,E,ESE,ENE,4.9,21,31,52,1,0.08
8/3/2013,214_2013,0,0,0,0,0.333333333,1,1,69,20.55555556,20,21.2962963,21.33333333,20.95238095,W,WNW,WSW,1.7,18,28,46,0,0
8/4/2013,215_2013,0,1,1,0,0.333333333,1,0.714285714,67,19.44444444,20.55555556,20.74074074,21.22222222,21.03174603,SE,ESE,SSE,3.8,26,66,92,0,0
8/5/2013,216_2013,0,0,0,1,0.333333333,0.4,0.857142857,70,21.11111111,19.44444444,20,20.77777778,20.95238095,SE,ESE,SSE,4,30,68,98,1,0
8/6/2013,217_2013,0,0,0,0,0.333333333,0.4,0.857142857,72,22.22222222,21.11111111,20.37037037,20.55555556,20.95238095,N,NNE,NNW,3.8,23,63,86,0,0
8/7/2013,218_2013,0,2,2,0,0.333333333,0.2,0.285714286,71,21.66666667,22.22222222,20.92592593,20.66666667,21.03174603,E,ESE,ENE,0.9,6,24,30,1,0.99
8/8/2013,219_2013,0,0,0,2,0.666666667,0.6,0.571428571,70,21.11111111,21.66666667,21.66666667,21,20.95238095,SW,SSW,WSW,3.2,15,33,48,0,0
8/9/2013,220_2013,0,0,0,0,0.666666667,0.6,0.428571429,68,20,21.11111111,21.66666667,21.11111111,20.87301587,NW,WNW,NNW,8.3,10,4,14,0,0
8/10/2013,221_2013,0,0,0,0,0.666666667,0.4,0.428571429,70,21.11111111,20,20.92592593,21.22222222,20.87301587,W,WNW,WSW,4.3,16,31,47,0,0
6/23/2014,174_2014,0,0,0,,,,,66,18.88888889,,,,,SW,SSW,WSW,2.1,8,13,21,1,0.09
6/24/2014,175_2014,4,0,4,0,,,,65,18.33333333,18.88888889,,,,NE,NNE,ENE,3.8,4,0,4,1,0
6/25/2014,176_2014,7,8,15,4,,,,65,18.33333333,18.33333333,,,,NW,WNW,NNW,2.2,9,18,27,1,1.4
6/26/2014,177_2014,0,0,0,15,6.333333333,,,68,20,18.33333333,18.51851852,,,NE,NNE,ENE,5.6,16,36,52,0,0
6/27/2014,178_2014,0,0,0,0,6.333333333,,,70,21.11111111,20,18.88888889,,,NE,NNE,ENE,3.1,12,82,94,0,0
6/28/2014,179_2014,0,0,0,0,5,3.8,,70,21.11111111,21.11111111,19.81481481,19.33333333,,SW,SSW,WSW,8,8,25,33,0,0
6/29/2014,180_2014,0,0,0,0,0,3.8,,66,18.88888889,21.11111111,20.74074074,19.77777778,,E,ESE,ENE,7.2,25,38,63,1,0.3
6/30/2014,181_2014,0,0,0,0,0,3,2.714285714,65,18.33333333,18.88888889,20.37037037,19.88888889,19.52380952,E,ESE,ENE,11,8,16,24,1,0.04
7/1/2014,182_2014,0,0,0,0,0,0,2.714285714,62,16.66666667,18.33333333,19.44444444,19.88888889,19.44444444,NE,NNE,ENE,13,0,12,12,1,0.19
7/2/2014,183_2014,0,3,3,0,0,0,2.142857143,66,18.88888889,16.66666667,17.96296296,19.22222222,19.20634921,NW,WNW,NNW,2.6,23,37,60,0,0
7/3/2014,184_2014,0,0,0,3,1,0.6,0.428571429,69,20.55555556,18.88888889,17.96296296,18.77777778,19.28571429,SE,ESE,SSE,3.2,14,74,88,0,0
7/4/2014,185_2014,0,0,0,0,1,0.6,0.428571429,69,20.55555556,20.55555556,18.7037037,18.66666667,19.36507937,SW,SSW,WSW,9.3,26,76,102,0,0
7/5/2014,186_2014,0,0,0,0,1,0.6,0.428571429,67,19.44444444,20.55555556,20,19,19.28571429,SW,SSW,WSW,8,10,22,32,0,0
7/6/2014,187_2014,0,0,0,0,0,0.6,0.428571429,66,18.88888889,19.44444444,20.18518519,19.22222222,19.04761905,W,WNW,WSW,10.4,56,45,101,0,0
7/7/2014,188_2014,0,2,2,0,0,0.6,0.428571429,64,17.77777778,18.88888889,19.62962963,19.66666667,19.04761905,SW,SSW,WSW,6.8,0,18,18,0,0
7/8/2014,189_2014,0,7,7,2,0.666666667,0.4,0.714285714,66,18.88888889,17.77777778,18.7037037,19.44444444,18.96825397,NW,WNW,NNW,3.4,47,45,92,1,0.14
7/9/2014,190_2014,18,0,18,7,3,1.8,1.714285714,66,18.88888889,18.88888889,18.51851852,19.11111111,19.28571429,NE,NNE,ENE,0.8,18,110,128,1,0.03
7/10/2014,191_2014,0,0,0,18,9,5.4,3.857142857,66,18.88888889,18.88888889,18.51851852,18.77777778,19.28571429,W,WNW,WSW,8.1,7,16,23,0,0
7/11/2014,192_2014,0,0,0,0,8.333333333,5.4,3.857142857,68,20,18.88888889,18.88888889,18.66666667,19.04761905,S,SSW,SSE,10,28,143,171,0,0
7/12/2014,193_2014,0,0,0,0,6,5.4,3.857142857,68,20,20,19.25925926,18.88888889,18.96825397,S,SSW,SSE,6,34,158,192,0,0
7/13/2014,194_2014,0,0,0,0,0,5,3.857142857,69,20.55555556,20,19.62962963,19.33333333,19.04761905,SW,SSW,WSW,6.6,22,112,134,1,0.04
7/14/2014,195_2014,0,0,0,0,0,3.6,3.857142857,64,17.77777778,20.55555556,20.18518519,19.66666667,19.28571429,SW,SSW,WSW,10.1,0,12,12,1,0
7/15/2014,196_2014,1,0,1,0,0,0,3.571428571,66,18.88888889,17.77777778,19.44444444,19.44444444,19.28571429,NW,WNW,NNW,3.5,18,136,154,1,0.66
7/16/2014,197_2014,10,0,10,1,0.333333333,0.2,2.714285714,68,20,18.88888889,19.07407407,19.44444444,19.28571429,N,NNE,NNW,10.8,22,115,137,0,0
7/17/2014,198_2014,0,0,0,10,3.666666667,2.2,1.571428571,68,20,20,18.88888889,19.44444444,19.44444444,SE,ESE,SSE,2.8,46,123,169,0,0
7/18/2014,199_2014,0,0,0,0,3.666666667,2.2,1.571428571,68,20,20,19.62962963,19.44444444,19.6031746,SE,ESE,SSE,2.3,48,132,180,0,0
7/19/2014,200_2014,0,0,0,0,3.333333333,2.2,1.571428571,71,21.66666667,20,20,19.33333333,19.6031746,SE,ESE,SSE,10.2,38,80,118,0,0
7/20/2014,201_2014,5,0,5,0,0,2.2,1.571428571,66,18.88888889,21.66666667,20.55555556,20.11111111,19.84126984,NE,NNE,ENE,13.7,27,69,96,0,0
7/21/2014,202_2014,0,0,0,5,1.666666667,3,2.285714286,68,20,18.88888889,20.18518519,20.11111111,19.6031746,SE,ESE,SSE,12.5,23,6,29,0,0
7/22/2014,203_2014,0,0,0,0,1.666666667,1,2.285714286,65,18.33333333,20,20.18518519,20.11111111,19.92063492,NW,WNW,NNW,14.1,0,7,7,1,0
7/23/2014,204_2014,6,0,6,0,1.666666667,1,2.142857143,67,19.44444444,18.33333333,19.07407407,19.77777778,19.84126984,NW,WNW,NNW,3.3,8,32,40,0,0
7/24/2014,205_2014,1,0,1,6,2,2.2,1.571428571,68,20,19.44444444,19.25925926,19.66666667,19.76190476,SW,SSW,WSW,8.1,18,11,29,0,0
7/25/2014,206_2014,2,0,2,1,2.333333333,2.4,1.714285714,70,21.11111111,20,19.25925926,19.33333333,19.76190476,W,WNW,WSW,10.4,21,67,88,0,0
7/26/2014,207_2014,0,0,0,2,3,1.8,2,69,20.55555556,21.11111111,20.18518519,19.77777778,19.92063492,SE,ESE,SSE,4.6,6,11,17,0,0
7/27/2014,208_2014,0,0,0,0,1,1.8,2,64,17.77777778,20.55555556,20.55555556,19.88888889,19.76190476,NW,WNW,NNW,12.7,0,16,16,1,0.15
7/28/2014,209_2014,2,1,3,0,0.666666667,1.8,1.285714286,64,17.77777778,17.77777778,19.81481481,19.77777778,19.6031746,NW,WNW,NNW,4,2,38,40,1,0.03
7/29/2014,210_2014,3,0,3,3,1,1.2,1.714285714,69,20.55555556,17.77777778,18.7037037,19.44444444,19.28571429,NW,WNW,NNW,2.5,10,68,78,0,0
7/30/2014,211_2014,1,0,1,3,2,1.6,2.142857143,66,18.88888889,20.55555556,18.7037037,19.55555556,19.6031746,NE,NNE,ENE,3.7,22,49,71,1,0
7/31/2014,212_2014,8,0,8,1,2.333333333,1.4,1.428571429,68,20,18.88888889,19.07407407,19.11111111,19.52380952,NE,NNE,ENE,0.5,23,41,64,0,0
8/1/2014,213_2014,5,17,22,8,4,3,2.428571429,73,22.77777778,20,19.81481481,19,19.52380952,W,WNW,WSW,5.2,25,128,153,0,0
8/2/2014,214_2014,0,2,2,22,10.33333333,7.4,5.285714286,73,22.77777778,22.77777778,20.55555556,20,19.76190476,SE,ESE,SSE,7.7,12,59,71,0,0
8/3/2014,215_2014,8,4,12,2,10.66666667,7.2,5.571428571,69,20.55555556,22.77777778,21.85185185,21,20.07936508,N,NNE,NNW,2.3,11,39,50,0,0
8/4/2014,216_2014,10,24,34,12,12,9,7.285714286,71,21.66666667,20.55555556,22.03703704,21,20.47619048,NE,NNE,ENE,2.4,34,52,86,0,0
8/5/2014,217_2014,5,20,25,34,16,15.6,11.71428571,69,20.55555556,21.66666667,21.66666667,21.55555556,21.03174603,NE,NNE,ENE,1.7,12,88,100,1,0.1
8/6/2014,218_2014,3,14,17,25,23.66666667,19,14.85714286,72,22.22222222,20.55555556,20.92592593,21.66666667,21.03174603,NE,NNE,ENE,2,3,77,80,0,0
8/7/2014,219_2014,7,3,10,17,25.33333333,18,17.14285714,71,21.66666667,22.22222222,21.48148148,21.55555556,21.50793651,NE,NNE,ENE,1.2,8,65,73,0,0
8/8/2014,220_2014,11,21,32,10,17.33333333,19.6,17.42857143,74,23.33333333,21.66666667,21.48148148,21.33333333,21.74603175,N,NNE,NNW,4.7,12,69,81,0,0
8/9/2014,221_2014,0,0,0,32,19.66666667,23.6,18.85714286,73,22.77777778,23.33333333,22.40740741,21.88888889,21.82539683,W,WNW,WSW,7.8,6,59,65,0,0
8/10/2014,222_2014,0,0,0,0,14,16.8,18.57142857,73,22.77777778,22.77777778,22.59259259,22.11111111,21.82539683,S,SSW,SSE,1.1,11,3,14,0,0
8/11/2014,223_2014,0,0,0,0,10.66666667,11.8,16.85714286,71,21.66666667,22.77777778,22.96296296,22.55555556,22.14285714,NW,WNW,NNW,7.2,0,0,0,1,0
8/12/2014,224_2014,0,0,0,0,0,8.4,12,69,20.55555556,21.66666667,22.40740741,22.44444444,22.14285714,NW,WNW,NNW,3.7,14,48,62,1,0.25
8/13/2014,225_2014,0,1,1,0,0,6.4,8.428571429,69,20.55555556,20.55555556,21.66666667,22.22222222,22.14285714,NW,WNW,NNW,4.7,13,41,54,0,0
8/14/2014,226_2014,0,0,0,1,0.333333333,0.2,6.142857143,67,19.44444444,20.55555556,20.92592593,21.66666667,21.9047619,SE,ESE,SSE,2.8,22,0,22,0,0
6/23/2015,174_2015,0,0,0,,,,,62,16.66666667,,,,,SE,ESE,SSE,6.8,8,14,22,0,0
6/24/2015,175_2015,10,5,15,0,,,,63,17.22222222,16.66666667,,,,NE,NNE,ENE,0.2,12,11,23,0,0
6/25/2015,176_2015,10,4,14,15,,,,67,19.44444444,17.22222222,,,,NE,NNE,ENE,0.3,10,7,17,0,0
6/26/2015,177_2015,0,0,0,14,9.666666667,,,69,20.55555556,19.44444444,17.77777778,,,N,NNE,NNW,10.5,8,15,23,0,0
6/27/2015,178_2015,0,0,0,0,9.666666667,,,70,21.11111111,20.55555556,19.07407407,,,SE,ESE,SSE,6.7,11,57,68,0,0
6/28/2015,179_2015,2,4,6,0,4.666666667,5.8,,69,20.55555556,21.11111111,20.37037037,19,,NE,NNE,ENE,2.4,22,38,60,0,0
6/29/2015,180_2015,0,0,0,6,2,7,,66,18.88888889,20.55555556,20.74074074,19.77777778,,N,NNE,NNW,1.6,7,2,9,0,0
6/30/2015,181_2015,0,0,0,0,2,4,5,61,16.11111111,18.88888889,20.18518519,20.11111111,19.20634921,N,NNE,NNW,11.8,0,0,0,1,0.03
7/1/2015,182_2015,2,1,3,0,2,1.2,5,63,17.22222222,16.11111111,18.51851852,19.44444444,19.12698413,N,NNE,NNW,4.6,2,37,39,1,0
7/2/2015,183_2015,0,0,0,3,1,1.8,3.285714286,65,18.33333333,17.22222222,17.40740741,18.77777778,19.12698413,SE,ESE,SSE,7.4,9,43,52,0,0
7/3/2015,184_2015,0,0,0,0,1,1.8,1.285714286,68,20,18.33333333,17.22222222,18.22222222,18.96825397,SE,ESE,SSE,6.8,17,56,73,0,0
7/4/2015,185_2015,0,0,0,0,1,0.6,1.285714286,68,20,20,18.51851852,18.11111111,18.88888889,S,SSW,SSE,5.8,11,73,84,0,0
7/5/2015,186_2015,0,0,0,0,0,0.6,1.285714286,65,18.33333333,20,19.44444444,18.33333333,18.73015873,S,SSW,SSE,7.1,23,68,91,0,0
7/6/2015,187_2015,0,0,0,0,0,0.6,0.428571429,64,17.77777778,18.33333333,19.44444444,18.77777778,18.41269841,N,NNE,NNW,10.1,1,26,27,0,0
7/7/2015,188_2015,3,22,25,0,0,0,0.428571429,66,18.88888889,17.77777778,18.7037037,18.88888889,18.25396825,NE,NNE,ENE,3.8,9,52,61,1,0.41
7/8/2015,189_2015,2,14,16,25,8.333333333,5,4,66,18.88888889,18.88888889,18.33333333,19,18.65079365,NE,NNE,ENE,1.4,16,48,64,0,0
7/9/2015,190_2015,0,0,0,16,13.66666667,8.2,5.857142857,67,19.44444444,18.88888889,18.51851852,18.77777778,18.88888889,SE,ESE,SSE,4.2,28,76,104,0,0
7/10/2015,191_2015,0,0,0,0,13.66666667,8.2,5.857142857,68,20,19.44444444,19.07407407,18.66666667,19.04761905,S,SSW,SSE,8.1,17,78,95,0,0
7/11/2015,192_2015,0,0,0,0,5.333333333,8.2,5.857142857,70,21.11111111,20,19.44444444,19,19.04761905,W,WNW,WSW,6.1,11,82,93,0,0
7/12/2015,193_2015,0,0,0,0,0,8.2,5.857142857,70,21.11111111,21.11111111,20.18518519,19.66666667,19.20634921,E,ESE,ENE,6.1,0,27,27,1,0
7/13/2015,194_2015,0,0,0,0,0,3.2,5.857142857,69,20.55555556,21.11111111,20.74074074,20.11111111,19.6031746,N,NNE,NNW,7.1,0,0,0,1,0.22
7/14/2015,195_2015,0,0,0,0,0,0,5.857142857,65,18.33333333,20.55555556,20.92592593,20.44444444,20,N,NNE,NNW,6.2,9,29,38,1,0.72
7/15/2015,196_2015,0,0,0,0,0,0,2.285714286,68,20,18.33333333,20,20.22222222,19.92063492,NE,NNE,ENE,4.8,23,133,156,0,0
7/16/2015,197_2015,0,0,0,0,0,0,0,66,18.88888889,20,19.62962963,20.22222222,20.07936508,SE,ESE,SSE,3.5,8,156,164,0,0
7/17/2015,198_2015,0,0,0,0,0,0,0,73,22.77777778,18.88888889,19.07407407,19.77777778,20,SE,ESE,SSE,3.2,28,246,274,1,0.02
7/18/2015,199_2015,0,0,0,0,0,0,0,69,20.55555556,22.77777778,20.55555556,20.11111111,20.3968254,SE,ESE,SSE,3,46,140,186,1,0.13
7/19/2015,200_2015,0,0,0,0,0,0,0,68,20,20.55555556,20.74074074,20.11111111,20.31746032,E,ESE,ENE,7.1,21,42,63,0,0
7/20/2015,201_2015,0,0,0,0,0,0,0,68,20,20,21.11111111,20.44444444,20.15873016,NW,WNW,NNW,2.5,18,87,105,0,0
7/21/2015,202_2015,0,0,0,0,0,0,0,69,20.55555556,20,20.18518519,20.44444444,20.07936508,SE,ESE,SSE,0.3,28,78,106,0,0
7/22/2015,203_2015,0,0,0,0,0,0,0,70,21.11111111,20.55555556,20.18518519,20.77777778,20.3968254,S,SSW,SSE,5.3,31,89,120,0,0
7/23/2015,204_2015,0,0,0,0,0,0,0,70,21.11111111,21.11111111,20.55555556,20.44444444,20.55555556,S,SSW,SSE,3.5,64,241,305,0,0
7/24/2015,205_2015,0,0,0,0,0,0,0,73,22.77777778,21.11111111,20.92592593,20.55555556,20.87301587,SE,ESE,SSE,2.5,54,294,348,0,0
7/25/2015,206_2015,0,0,0,0,0,0,0,73,22.77777778,22.77777778,21.66666667,21.11111111,20.87301587,S,SSW,SSE,2.4,61,310,371,0,0
7/26/2015,207_2015,66,105,171,0,0,0,0,73,22.77777778,22.77777778,22.22222222,21.66666667,21.19047619,NE,NNE,ENE,0.7,66,302,368,0,0
7/27/2015,208_2015,28,0,28,171,57,34.2,24.42857143,72,22.22222222,22.77777778,22.77777778,22.11111111,21.58730159,NE,NNE,ENE,1.1,59,308,367,0,0
7/28/2015,209_2015,0,0,0,28,66.33333333,39.8,28.42857143,72,22.22222222,22.22222222,22.59259259,22.33333333,21.9047619,SW,SSW,WSW,2.6,23,143,166,0,0
7/29/2015,210_2015,0,0,0,0,66.33333333,39.8,28.42857143,71,21.66666667,22.22222222,22.40740741,22.55555556,22.14285714,W,WNW,WSW,6.2,43,174,217,1,0.03
7/30/2015,211_2015,0,0,0,0,9.333333333,39.8,28.42857143,71,21.66666667,21.66666667,22.03703704,22.33333333,22.22222222,W,WNW,WSW,4.8,46,166,212,0,0
7/31/2015,212_2015,0,0,0,0,0,39.8,28.42857143,71,21.66666667,21.66666667,21.85185185,22.11111111,22.3015873,S,SSW,SSE,5.3,58,205,263,1,0.3
8/1/2015,213_2015,0,0,0,0,0,5.6,28.42857143,70,21.11111111,21.66666667,21.66666667,21.88888889,22.14285714,SW,SSW,WSW,7.6,18,29,47,0,0
8/2/2015,214_2015,0,0,0,0,0,0,28.42857143,69,20.55555556,21.11111111,21.48148148,21.66666667,21.9047619,NW,WNW,NNW,6.1,24,211,235,1,0.79
8/3/2015,215_2015,8,0,8,0,0,0,4,70,21.11111111,20.55555556,21.11111111,21.33333333,21.58730159,W,WNW,WSW,5.6,21,162,183,1,0.47
8/4/2015,216_2015,6,12,18,8,2.666666667,1.6,1.142857143,70,21.11111111,21.11111111,20.92592593,21.22222222,21.42857143,N,NNE,NNW,3.5,14,164,178,0,0
8/5/2015,217_2015,8,36,44,18,8.666666667,5.2,3.714285714,70,21.11111111,21.11111111,20.92592593,21.11111111,21.26984127,NE,NNE,ENE,7.5,31,172,203,0,0
8/6/2015,218_2015,0,0,0,44,23.33333333,14,10,70,21.11111111,21.11111111,21.11111111,21,21.19047619,E,ESE,ENE,5.5,19,35,54,0,0
8/7/2015,219_2015,14,17,31,0,20.66666667,14,10,72,22.22222222,21.11111111,21.11111111,21,21.11111111,NE,NNE,ENE,7.3,16,58,74,1,0.11
8/8/2015,220_2015,0,0,0,31,25,20.2,14.42857143,72,22.22222222,22.22222222,21.48148148,21.33333333,21.19047619,W,WNW,WSW,1.3,22,157,179,1,0.29
8/9/2015,221_2015,0,0,0,0,10.33333333,18.6,14.42857143,72,22.22222222,22.22222222,21.85185185,21.55555556,21.34920635,SW,SSW,WSW,0.2,31,187,218,0,0
8/10/2015,222_2015,0,0,0,0,10.33333333,15,14.42857143,71,21.66666667,22.22222222,22.22222222,21.77777778,21.58730159,N,NNE,NNW,12.1,16,111,127,1,0
8/11/2015,223_2015,2,0,2,0,0,6.2,13.28571429,72,22.22222222,21.66666667,22.03703704,21.88888889,21.66666667,N,NNE,NNW,3.1,23,138,161,0,0
8/12/2015,224_2015,0,0,0,2,0.666666667,6.6,11,72,22.22222222,22.22222222,22.03703704,22.11111111,21.82539683,S,SSW,SSE,6.1,21,142,163,0,0
8/13/2015,225_2015,0,0,0,0,0.666666667,0.4,4.714285714,71,21.66666667,22.22222222,22.03703704,22.11111111,21.98412698,S,SSW,SSE,5.2,45,168,213,1,0
6/24/2016,176_2016,0,0,0,,,,,69,20.55555556,,,,,SW,SSW,WSW,2.2,5,62,67,0,0
6/25/2016,177_2016,0,0,0,0,,,,69,20.55555556,20.55555556,,,,SW,SSW,WSW,2.3,6,66,72,0,0
6/26/2016,178_2016,0,0,0,0,,,,69,20.55555556,20.55555556,,,,SW,SSW,WSW,2.5,10,15,25,1,0.58
6/27/2016,179_2016,0,0,0,0,0,,,65,18.33333333,20.55555556,20.55555556,,,N,NNE,NNW,19.4,2,10,12,0,0
6/28/2016,180_2016,2,0,2,0,0,,,67,19.44444444,18.33333333,19.81481481,,,N,NNE,NNW,5.4,3,32,35,0,0
6/29/2016,181_2016,0,0,0,2,0.666666667,0.4,,68,20,19.44444444,19.44444444,19.88888889,,S,SSW,SSE,4.5,23,21,44,0,0
6/30/2016,182_2016,0,0,0,0,0.666666667,0.4,,65,18.33333333,20,19.25925926,19.77777778,,N,NNE,NNW,16.4,16,48,64,0,0
7/1/2016,183_2016,0,0,0,0,0.666666667,0.4,0.285714286,72,22.22222222,18.33333333,19.25925926,19.33333333,19.68253968,SW,SSW,WSW,3.2,18,38,56,1,0.24
7/2/2016,184_2016,0,0,0,0,0,0.4,0.285714286,73,22.77777778,22.22222222,20.18518519,19.66666667,19.92063492,SW,SSW,WSW,3.4,8,66,74,0,0
7/3/2016,185_2016,0,0,0,0,0,0.4,0.285714286,73,22.77777778,22.77777778,21.11111111,20.55555556,20.23809524,SE,ESE,SSE,3.6,28,84,112,0,0
7/4/2016,186_2016,2,0,2,0,0,0,0.285714286,71,21.66666667,22.77777778,22.59259259,21.22222222,20.55555556,SE,ESE,SSE,2.1,36,92,128,0,0
7/5/2016,187_2016,0,0,0,2,0.666666667,0.4,0.571428571,70,21.11111111,21.66666667,22.40740741,21.55555556,21.03174603,SE,ESE,SSE,11.1,48,86,134,0,0
7/6/2016,188_2016,17,7,24,0,0.666666667,0.4,0.285714286,70,21.11111111,21.11111111,21.85185185,22.11111111,21.26984127,N,NNE,NNW,0,17,30,47,0,0
7/7/2016,189_2016,0,0,0,24,8.666666667,5.2,3.714285714,71,21.66666667,21.11111111,21.2962963,21.88888889,21.42857143,SE,ESE,SSE,6.6,17,68,85,1,0
7/8/2016,190_2016,0,0,0,0,8,5.2,3.714285714,74,23.33333333,21.66666667,21.2962963,21.66666667,21.9047619,N,NNE,NNW,10.3,14,68,82,1,0.05
7/9/2016,191_2016,5,0,5,0,8,5.2,3.714285714,74,23.33333333,23.33333333,22.03703704,21.77777778,22.06349206,N,NNE,NNW,6.8,5,81,86,0,0
7/10/2016,192_2016,0,0,0,5,1.666666667,5.8,4.428571429,74,23.33333333,23.33333333,22.77777778,22.11111111,22.14285714,SE,ESE,SSE,7.7,0,62,62,0,0
7/11/2016,193_2016,0,0,0,0,1.666666667,5.8,4.428571429,73,22.77777778,23.33333333,23.33333333,22.55555556,22.22222222,SE,ESE,SSE,14.9,32,46,78,1,0.03
7/12/2016,194_2016,0,0,0,0,1.666666667,1,4.142857143,71,21.66666667,22.77777778,23.14814815,22.88888889,22.38095238,SE,ESE,SSE,9.6,47,138,185,0,0
7/13/2016,195_2016,0,0,0,0,0,1,4.142857143,72,22.22222222,21.66666667,22.59259259,22.88888889,22.46031746,SE,ESE,SSE,7.5,29,97,126,0,0
7/14/2016,196_2016,0,0,0,0,0,1,0.714285714,67,19.44444444,22.22222222,22.22222222,22.66666667,22.61904762,N,NNE,NNW,10.9,0,10,10,0,0
7/15/2016,197_2016,0,0,0,0,0,0,0.714285714,72,22.22222222,19.44444444,21.11111111,21.88888889,22.3015873,SE,ESE,SSE,4.6,16,220,236,1,0.31
7/16/2016,198_2016,0,0,0,0,0,0,0.714285714,72,22.22222222,22.22222222,21.2962963,21.66666667,22.14285714,SE,ESE,SSE,4.5,0,6,6,0,0
7/17/2016,199_2016,0,0,0,0,0,0,0,72,22.22222222,22.22222222,21.2962963,21.55555556,21.98412698,N,NNE,NNW,8.8,0,92,92,1,0.38
7/18/2016,200_2016,11,27,38,0,0,0,0,71,21.66666667,22.22222222,22.22222222,21.66666667,21.82539683,NE,NNE,ENE,5,11,49,60,0,0
7/19/2016,201_2016,0,0,0,38,12.66666667,7.6,5.428571429,73,22.77777778,21.66666667,22.03703704,21.55555556,21.66666667,SE,ESE,SSE,7.2,26,75,101,0,0
7/20/2016,202_2016,0,0,0,0,12.66666667,7.6,5.428571429,71,21.66666667,22.77777778,22.22222222,22.22222222,21.82539683,SE,ESE,SSE,14.1,10,52,62,0,0
7/21/2016,203_2016,0,0,0,0,12.66666667,7.6,5.428571429,74,23.33333333,21.66666667,22.03703704,22.11111111,21.74603175,NW,WNW,NNW,2,46,96,142,1,0.22
7/22/2016,204_2016,21,24,45,0,0,7.6,5.428571429,73,22.77777778,23.33333333,22.59259259,22.33333333,22.3015873,N,NNE,NNW,1,21,46,67,0,0
7/23/2016,205_2016,0,0,0,45,15,16.6,11.85714286,73,22.77777778,22.77777778,22.59259259,22.44444444,22.38095238,SE,ESE,SSE,7.3,0,41,41,0,0
7/24/2016,206_2016,0,0,0,0,15,9,11.85714286,72,22.22222222,22.77777778,22.96296296,22.66666667,22.46031746,W,WNW,WSW,4.9,23,86,109,1,0.13
7/25/2016,207_2016,0,0,0,0,15,9,11.85714286,74,23.33333333,22.22222222,22.59259259,22.55555556,22.46031746,SE,ESE,SSE,4.8,33,92,125,0,0
7/26/2016,208_2016,4,1,5,0,0,9,6.428571429,73,22.77777778,23.33333333,22.77777778,22.88888889,22.6984127,NE,NNE,ENE,5.5,14,98,112,0,0
7/27/2016,209_2016,0,0,0,5,1.666666667,10,7.142857143,70,21.11111111,22.77777778,22.77777778,22.77777778,22.6984127,NE,NNE,ENE,8.5,3,20,23,0,0
7/28/2016,210_2016,7,12,19,0,1.666666667,1,7.142857143,70,21.11111111,21.11111111,22.40740741,22.44444444,22.61904762,NE,NNE,ENE,8.5,16,36,52,1,0.03
7/29/2016,211_2016,7,24,31,19,8,4.8,9.857142857,72,22.22222222,21.11111111,21.66666667,22.11111111,22.3015873,NE,NNE,ENE,9.7,12,67,79,1,0.57
7/30/2016,212_2016,12,14,26,31,16.66666667,11,7.857142857,77,25,22.22222222,21.48148148,22.11111111,22.22222222,NW,WNW,NNW,11.3,10,94,104,0,0
7/31/2016,213_2016,0,0,0,26,25.33333333,16.2,11.57142857,72,22.22222222,25,22.77777778,22.44444444,22.53968254,E,ESE,ENE,3.7,32,136,168,0,0
8/1/2016,214_2016,0,0,0,0,19,15.2,11.57142857,74,23.33333333,22.22222222,23.14814815,22.33333333,22.53968254,E,ESE,ENE,2.9,34,168,202,0,0
8/2/2016,215_2016,1,0,1,0,8.666666667,15.2,11.57142857,74,23.33333333,23.33333333,23.51851852,22.77777778,22.53968254,SE,ESE,SSE,7.2,38,184,222,0,0
8/3/2016,216_2016,0,0,0,1,0.333333333,11.6,11,74,23.33333333,23.33333333,22.96296296,23.22222222,22.61904762,SE,ESE,SSE,7.4,46,228,274,0,0
8/4/2016,217_2016,0,0,0,0,0.333333333,5.4,11,75,23.88888889,23.33333333,23.33333333,23.44444444,22.93650794,NW,WNW,NNW,10,49,232,281,0,0
8/5/2016,218_2016,0,0,0,0,0.333333333,0.2,8.285714286,79,26.11111111,23.88888889,23.51851852,23.22222222,23.33333333,W,WNW,WSW,7.2,34,256,290,0,0
8/6/2016,219_2016,0,4,4,0,0,0.2,3.857142857,78,25.55555556,26.11111111,24.44444444,24,23.88888889,NW,WNW,NNW,9,5,62,67,0,0
8/7/2016,220_2016,7,40,47,4,1.333333333,1,0.714285714,75,23.88888889,25.55555556,25.18518519,24.44444444,23.96825397,NE,NNE,ENE,4.7,28,62,90,0,0
8/8/2016,221_2016,0,0,0,47,17,10.2,7.428571429,75,23.88888889,23.88888889,25.18518519,24.55555556,24.20634921,SE,ESE,SSE,10.4,20,87,107,0,0
8/9/2016,222_2016,0,0,0,0,17,10.2,7.428571429,77,25,23.88888889,24.44444444,24.66666667,24.28571429,S,SSW,SSE,3,25,50,75,0,0
8/10/2016,223_2016,2,0,2,0,15.66666667,10.2,7.285714286,76,24.44444444,25,24.25925926,24.88888889,24.52380952,E,ESE,ENE,3.4,27,42,69,0,0
8/11/2016,224_2016,0,0,0,2,0.666666667,10.6,7.571428571,74,23.33333333,24.44444444,24.44444444,24.55555556,24.68253968,N,NNE,NNW,10.1,24,43,67,1,0
8/12/2016,225_2016,0,2,2,0,0.666666667,9.8,7.571428571,79,26.11111111,23.33333333,24.25925926,24.11111111,24.6031746,N,NNE,NNW,7.2,21,26,47,1,0.03
8/13/2016,226_2016,0,0,0,2,1.333333333,0.8,7.857142857,79,26.11111111,26.11111111,24.62962963,24.55555556,24.6031746,SW,SSW,WSW,5.1,8,66,74,1,0.31
8/14/2016,227_2016,0,0,0,0,0.666666667,0.8,7.285714286,76,24.44444444,26.11111111,25.18518519,25,24.68253968,N,NNE,NNW,0.7,26,58,84,0,0
